Instance,Variant,Our_Vehicles,BKS_Vehicles,Vehicle_Gap,Our_Distance,BKS_Distance,Distance_Gap,Time
X-n1001-k43.sol,CVRP,43,43.0,0.0,78368.0,72346.0,8.323887982749564,2714.8
X-n101-k25.sol,CVRP,26,25.0,4.0,27756.0,27591.0,0.5980210938349462,2700.18
X-n106-k14.sol,CVRP,14,14.0,0.0,26607.0,26362.0,0.929368029739777,2700.18
X-n110-k13.sol,CVRP,13,13.0,0.0,15120.0,14971.0,0.9952574978291364,2700.18
X-n115-k10.sol,CVRP,10,10.0,0.0,12757.0,12747.0,0.0784498313328626,2700.28
X-n120-k6.sol,CVRP,6,6.0,0.0,13517.0,13332.0,1.3876387638763876,2700.18
X-n125-k30.sol,CVRP,30,30.0,0.0,56365.0,55539.0,1.487243198473145,2700.17
X-n129-k18.sol,CVRP,18,18.0,0.0,29691.0,28940.0,2.595024187975121,2700.19
X-n134-k13.sol,CVRP,13,13.0,0.0,11185.0,10916.0,2.4642726273360207,2700.23
X-n139-k10.sol,CVRP,10,10.0,0.0,13651.0,13590.0,0.4488594554819721,2700.17
X-n143-k7.sol,CVRP,7,7.0,0.0,16008.0,15700.0,1.9617834394904456,2700.23
X-n148-k46.sol,CVRP,46,46.0,0.0,44210.0,43448.0,1.7538206591787884,2700.32
X-n153-k22.sol,CVRP,23,22.0,4.545454545454546,21526.0,21220.0,1.4420358152686144,2700.53
X-n157-k13.sol,CVRP,13,13.0,0.0,16977.0,16876.0,0.598483052856127,2700.17
X-n162-k11.sol,CVRP,11,11.0,0.0,14201.0,14138.0,0.4456075824020371,2700.25
X-n167-k10.sol,CVRP,10,10.0,0.0,21089.0,20557.0,2.587926253830812,2700.28
X-n172-k51.sol,CVRP,52,51.0,1.96078431372549,46280.0,45607.0,1.475650667660666,2700.23
X-n176-k26.sol,CVRP,26,26.0,0.0,49196.0,47812.0,2.894670793942943,2700.39
X-n181-k23.sol,CVRP,23,23.0,0.0,25787.0,25569.0,0.8525949391841684,2700.21
X-n186-k15.sol,CVRP,15,15.0,0.0,25038.0,24145.0,3.698488299855043,2700.2
X-n190-k8.sol,CVRP,8,8.0,0.0,17421.0,16980.0,2.597173144876325,2700.31
X-n195-k51.sol,CVRP,52,51.0,1.96078431372549,44987.0,44225.0,1.723007348784624,2700.37
X-n200-k36.sol,CVRP,36,36.0,0.0,59688.0,58578.0,1.8949093516337192,2700.29
X-n204-k19.sol,CVRP,19,19.0,0.0,19946.0,19565.0,1.9473549706107844,2700.3
X-n209-k16.sol,CVRP,16,16.0,0.0,31886.0,30656.0,4.012265135699374,2700.35
X-n214-k11.sol,CVRP,11,11.0,0.0,11476.0,10856.0,5.711127487103906,2700.39
X-n219-k73.sol,CVRP,73,73.0,0.0,117814.0,117595.0,0.1862324078404694,2700.34
X-n223-k34.sol,CVRP,34,34.0,0.0,41504.0,40437.0,2.638672502905755,2700.43
X-n228-k23.sol,CVRP,23,23.0,0.0,26489.0,25742.0,2.9018724263848963,2701.03
X-n233-k16.sol,CVRP,17,16.0,6.25,19914.0,19230.0,3.5569422776911077,2700.99
X-n237-k14.sol,CVRP,14,14.0,0.0,27761.0,27042.0,2.6588270098365503,2701.07
X-n242-k48.sol,CVRP,48,48.0,0.0,84322.0,82751.0,1.8984664837887155,2701.21
X-n247-k47.sol,CVRP,51,47.0,8.51063829787234,37990.0,37274.0,1.9209100177067124,2701.41
X-n251-k28.sol,CVRP,28,28.0,0.0,39942.0,38684.0,3.2519904870230585,2701.07
X-n256-k16.sol,CVRP,17,16.0,6.25,19105.0,18839.0,1.4119645416423376,2700.87
X-n261-k13.sol,CVRP,13,13.0,0.0,27683.0,26558.0,4.23601174787258,2701.16
X-n266-k58.sol,CVRP,58,58.0,0.0,77432.0,75478.0,2.5888338323749966,2700.82
X-n270-k35.sol,CVRP,36,35.0,2.857142857142857,36105.0,35291.0,2.306537077441841,2701.89
X-n275-k28.sol,CVRP,28,28.0,0.0,21719.0,21245.0,2.231113203106613,2701.02
X-n280-k17.sol,CVRP,17,17.0,0.0,35147.0,33503.0,4.907023251649107,2701.45
X-n284-k15.sol,CVRP,15,15.0,0.0,21124.0,20215.0,4.496660895374722,2701.17
X-n289-k60.sol,CVRP,62,60.0,3.333333333333333,98121.0,95151.0,3.121354478670745,2700.33
X-n294-k50.sol,CVRP,51,50.0,2.0,48706.0,47161.0,3.276011959033948,2700.76
X-n298-k31.sol,CVRP,31,31.0,0.0,36191.0,34231.0,5.725804095702726,2700.86
X-n303-k21.sol,CVRP,21,21.0,0.0,22499.0,21736.0,3.5103054839896943,2700.4
X-n308-k13.sol,CVRP,13,13.0,0.0,26790.0,25859.0,3.6002939015429827,2700.78
X-n313-k71.sol,CVRP,73,71.0,2.8169014084507045,96376.0,94043.0,2.480780068691981,2700.58
X-n317-k53.sol,CVRP,53,53.0,0.0,78691.0,78355.0,0.4288175611001212,2700.39
X-n322-k28.sol,CVRP,28,28.0,0.0,31534.0,29834.0,5.69819668834216,2700.52
X-n327-k20.sol,CVRP,20,20.0,0.0,28939.0,27532.0,5.1104169693447625,2700.59
X-n331-k15.sol,CVRP,15,15.0,0.0,32488.0,31102.0,4.4563050607677965,2701.22
X-n336-k84.sol,CVRP,86,84.0,2.380952380952381,142950.0,139111.0,2.759666740947876,2700.85
X-n344-k43.sol,CVRP,43,43.0,0.0,44331.0,42050.0,5.42449464922711,2700.69
X-n351-k40.sol,CVRP,41,40.0,2.5,27192.0,25896.0,5.004633920296571,2700.65
X-n359-k29.sol,CVRP,29,29.0,0.0,54089.0,51505.0,5.016988641879429,2701.02
X-n367-k17.sol,CVRP,17,17.0,0.0,23618.0,22814.0,3.5241518365915665,2701.18
X-n376-k94.sol,CVRP,94,94.0,0.0,148282.0,147713.0,0.3852064476383257,2700.52
X-n384-k52.sol,CVRP,53,52.0,1.9230769230769231,68197.0,65928.0,3.441633296929984,2700.4
X-n393-k38.sol,CVRP,38,38.0,0.0,39862.0,38260.0,4.187140616832201,2700.51
X-n401-k29.sol,CVRP,29,29.0,0.0,68195.0,66154.0,3.085225383196783,2701.16
X-n411-k19.sol,CVRP,19,19.0,0.0,20589.0,19712.0,4.449066558441558,2701.63
X-n420-k130.sol,CVRP,130,130.0,0.0,109901.0,107798.0,1.9508710736748365,2701.26
X-n429-k61.sol,CVRP,62,61.0,1.639344262295082,67802.0,65449.0,3.5951657015386025,2701.08
X-n439-k37.sol,CVRP,37,37.0,0.0,37363.0,36391.0,2.6709900799648265,2701.62
X-n449-k29.sol,CVRP,29,29.0,0.0,59599.0,55233.0,7.9046946571795855,2701.64
X-n459-k26.sol,CVRP,26,26.0,0.0,25330.0,24139.0,4.933924354778574,2701.79
X-n469-k138.sol,CVRP,142,138.0,2.898550724637681,226541.0,221824.0,2.126460617426428,2701.09
X-n480-k70.sol,CVRP,70,70.0,0.0,91910.0,89449.0,2.751288443694172,2701.03
X-n491-k59.sol,CVRP,59,59.0,0.0,70163.0,66483.0,5.535249612682942,2701.76
X-n502-k39.sol,CVRP,39,39.0,0.0,69941.0,69226.0,1.0328489295929275,2700.64
X-n513-k21.sol,CVRP,21,21.0,0.0,25317.0,24201.0,4.611379695053923,2703.27
X-n524-k137.sol,CVRP,156,137.0,13.86861313868613,156340.0,154593.0,1.130064103808064,2705.83
X-n536-k96.sol,CVRP,98,96.0,2.083333333333333,97243.0,94846.0,2.527254707631318,2702.28
X-n548-k50.sol,CVRP,50,50.0,0.0,88627.0,86700.0,2.2226066897347176,2701.42
X-n561-k42.sol,CVRP,42,42.0,0.0,45002.0,42717.0,5.349158414682679,2701.36
X-n573-k30.sol,CVRP,30,30.0,0.0,52109.0,50673.0,2.8338562942790047,2702.51
X-n586-k159.sol,CVRP,161,159.0,1.257861635220126,194063.0,190316.0,1.9688307866916075,2701.87
X-n599-k92.sol,CVRP,94,92.0,2.1739130434782608,112252.0,108451.0,3.5048086232492093,2701.6
X-n613-k62.sol,CVRP,63,62.0,1.6129032258064515,63412.0,59535.0,6.512135718484926,2702.8
X-n627-k43.sol,CVRP,43,43.0,0.0,64814.0,62164.0,4.262917444179911,2701.38
X-n641-k35.sol,CVRP,35,35.0,0.0,67063.0,63682.0,5.309192550485223,2703.53
X-n655-k131.sol,CVRP,131,131.0,0.0,107477.0,106780.0,0.6527439595429856,2701.76
X-n670-k126.sol,CVRP,135,126.0,7.142857142857142,151839.0,146332.0,3.7633600306153134,2713.72
X-n685-k75.sol,CVRP,75,75.0,0.0,75363.0,68205.0,10.494831757202553,2704.58
X-n701-k44.sol,CVRP,44,44.0,0.0,86605.0,81923.0,5.715122737204448,2704.22
X-n716-k35.sol,CVRP,35,35.0,0.0,46146.0,43373.0,6.393378369031424,2705.82
X-n733-k159.sol,CVRP,161,159.0,1.257861635220126,140512.0,136187.0,3.175780360827392,2702.84
X-n749-k98.sol,CVRP,98,98.0,0.0,82197.0,77269.0,6.377719395876742,2701.36
X-n766-k71.sol,CVRP,71,71.0,0.0,119763.0,114417.0,4.6723826004876905,2706.31
X-n783-k48.sol,CVRP,48,48.0,0.0,77290.0,72386.0,6.77479070538502,2707.83
X-n801-k40.sol,CVRP,40,40.0,0.0,76350.0,73305.0,4.153877634540618,2704.48
X-n819-k171.sol,CVRP,174,171.0,1.7543859649122806,162315.0,158121.0,2.6523991120724,2704.58
X-n837-k142.sol,CVRP,142,142.0,0.0,202777.0,193737.0,4.666119533181582,2703.9
X-n856-k95.sol,CVRP,95,95.0,0.0,90750.0,88965.0,2.006407013994268,2704.41
X-n876-k59.sol,CVRP,59,59.0,0.0,103645.0,99299.0,4.376680530518938,2705.18
X-n895-k37.sol,CVRP,38,37.0,2.702702702702702,58418.0,53860.0,8.462681024879316,2711.37
X-n916-k207.sol,CVRP,209,207.0,0.966183574879227,335588.0,329179.0,1.94696502510792,2709.9
X-n936-k151.sol,CVRP,158,151.0,4.635761589403973,143139.0,132715.0,7.854424895452662,2718.38
X-n957-k87.sol,CVRP,87,87.0,0.0,87462.0,85465.0,2.336629029427251,2705.56
X-n979-k58.sol,CVRP,58,58.0,0.0,125255.0,118973.0,5.280189622855605,2706.29
C101.sol,VRPTW,10,10.0,0.0,828.94,828.94,0.0,2705.43
C102.sol,VRPTW,10,10.0,0.0,828.94,828.94,0.0,2688.45
C103.sol,VRPTW,10,10.0,0.0,828.06,828.06,0.0,2697.38
C104.sol,VRPTW,10,10.0,0.0,826.65,824.78,0.2267271272339296,2683.44
C105.sol,VRPTW,10,10.0,0.0,828.94,828.94,0.0,2704.38
C106.sol,VRPTW,10,10.0,0.0,828.94,828.94,0.0,2681.41
C107.sol,VRPTW,10,10.0,0.0,828.94,828.94,0.0,2683.62
C108.sol,VRPTW,10,10.0,0.0,828.94,828.94,0.0,2699.68
C109.sol,VRPTW,10,10.0,0.0,828.94,828.94,0.0,2711.88
C1_10_1.sol,VRPTW,100,100.0,0.0,42479.06,42478.95,0.0002589517867098459,2740.91
C1_10_10.sol,VRPTW,93,90.0,3.333333333333333,43215.23,39852.44,8.43810316256671,2772.26
C1_10_2.sol,VRPTW,96,90.0,6.666666666666667,42392.12,42222.96,0.4006351046918631,2758.94
C1_10_3.sol,VRPTW,91,90.0,1.1111111111111112,42826.79,40101.36,6.796353041393111,2749.65
C1_10_4.sol,VRPTW,90,90.0,0.0,42517.07,39468.6,7.723785490237812,2746.96
C1_10_5.sol,VRPTW,100,100.0,0.0,42470.26,42469.18,0.002543020609302431,2742.46
C1_10_6.sol,VRPTW,101,99.0,2.0202020202020203,42863.41,43830.21,-2.205784549058733,2775.16
C1_10_7.sol,VRPTW,100,97.0,3.0927835051546397,42469.43,43341.77,-2.0127004503969186,2744.79
C1_10_8.sol,VRPTW,99,92.0,7.608695652173914,43125.77,42629.91,1.163173931167092,2771.47
C1_10_9.sol,VRPTW,95,90.0,5.555555555555555,42977.57,40318.03,6.5964036437296185,2763.7
C1_2_1.sol,VRPTW,20,20.0,0.0,2704.57,2704.57,0.0,2701.24
C1_2_10.sol,VRPTW,19,18.0,5.555555555555555,2761.14,2643.51,4.449765652484751,2702.18
C1_2_2.sol,VRPTW,20,18.0,11.11111111111111,2700.95,2917.89,-7.43482447933267,2702.2
C1_2_3.sol,VRPTW,18,18.0,0.0,2773.19,2707.35,2.431898350785829,2701.18
C1_2_4.sol,VRPTW,18,18.0,0.0,2675.15,2643.31,1.2045503554255894,2701.7
C1_2_5.sol,VRPTW,20,20.0,0.0,2702.05,2702.05,0.0,2701.66
C1_2_6.sol,VRPTW,20,20.0,0.0,2701.04,2701.04,0.0,2702.45
C1_2_7.sol,VRPTW,20,20.0,0.0,2701.04,2701.04,0.0,2700.92
C1_2_8.sol,VRPTW,20,19.0,5.263157894736842,2691.88,2775.48,-3.0120916021733146,2702.03
C1_2_9.sol,VRPTW,19,18.0,5.555555555555555,2658.59,2687.83,-1.0878664201232884,2702.11
C1_4_1.sol,VRPTW,40,40.0,0.0,7152.06,7152.02,0.0005592825523413,2704.58
C1_4_10.sol,VRPTW,37,36.0,2.7777777777777777,7117.38,6860.63,3.74236768343432,2707.43
C1_4_2.sol,VRPTW,39,36.0,8.333333333333332,7180.15,7686.38,-6.586065221859972,2706.5
C1_4_3.sol,VRPTW,37,36.0,2.7777777777777777,7221.54,7060.67,2.278395676330998,2704.56
C1_4_4.sol,VRPTW,36,36.0,0.0,7363.22,6803.24,8.231078133359993,2704.54
C1_4_5.sol,VRPTW,40,40.0,0.0,7152.06,7152.02,0.0005592825523413,2705.18
C1_4_6.sol,VRPTW,40,40.0,0.0,7153.45,7153.41,0.0005591738765143,2707.05
C1_4_7.sol,VRPTW,40,39.0,2.564102564102564,7149.43,7417.92,-3.619478236486775,2704.69
C1_4_8.sol,VRPTW,39,37.0,5.405405405405405,7174.46,7347.23,-2.351498455880645,2710.36
C1_4_9.sol,VRPTW,38,36.0,5.555555555555555,7145.69,7042.53,1.4648144913830663,2707.77
C1_6_1.sol,VRPTW,60,60.0,0.0,14095.64,14095.64,0.0,2717.99
C1_6_10.sol,VRPTW,56,56.0,0.0,14725.39,13637.34,7.978462075448725,2718.68
C1_6_2.sol,VRPTW,59,56.0,5.357142857142857,14014.4,14163.31,-1.0513785266297204,2716.52
C1_6_3.sol,VRPTW,56,56.0,0.0,14913.11,13777.81,8.24006137405002,2716.11
C1_6_4.sol,VRPTW,56,56.0,0.0,14526.73,13558.54,7.140813096395325,2717.03
C1_6_5.sol,VRPTW,60,60.0,0.0,14085.72,14085.72,0.0,2714.91
C1_6_6.sol,VRPTW,60,59.0,1.694915254237288,14095.27,15832.68,-10.973568593567228,2724.56
C1_6_7.sol,VRPTW,60,57.0,5.263157894736842,14089.26,15731.2,-10.437474572823437,2715.31
C1_6_8.sol,VRPTW,59,56.0,5.357142857142857,14218.4,14385.8,-1.1636474857150776,2726.4
C1_6_9.sol,VRPTW,57,56.0,1.7857142857142856,14603.01,13693.42,6.642533421161406,2718.88
C1_8_1.sol,VRPTW,80,80.0,0.0,25184.38,25030.36,0.6153327399206421,2732.67
C1_8_10.sol,VRPTW,74,72.0,2.7777777777777777,25875.15,24070.17,7.49882530950136,2731.13
C1_8_2.sol,VRPTW,78,72.0,8.333333333333332,25270.97,26540.53,-4.783476441502856,2731.18
C1_8_3.sol,VRPTW,73,72.0,1.3888888888888888,25845.83,24242.49,6.6137595601771935,2734.79
C1_8_4.sol,VRPTW,72,72.0,0.0,26413.85,23824.17,10.86996944699438,2728.45
C1_8_5.sol,VRPTW,80,80.0,0.0,25166.28,25166.28,0.0,2738.09
C1_8_6.sol,VRPTW,80,79.0,1.2658227848101269,25165.08,26873.86,-6.358520882374169,2765.57
C1_8_7.sol,VRPTW,80,77.0,3.896103896103896,25159.53,26464.91,-4.932493630244732,2734.85
C1_8_8.sol,VRPTW,78,73.0,6.849315068493151,26044.44,26099.74,-0.2118795053130908,2750.14
C1_8_9.sol,VRPTW,75,72.0,4.166666666666666,25804.81,24300.21,6.191716038667988,2742.56
C201.sol,VRPTW,3,3.0,0.0,591.56,591.56,0.0,2705.95
C202.sol,VRPTW,3,3.0,0.0,591.56,591.56,0.0,2721.1
C203.sol,VRPTW,3,3.0,0.0,591.17,591.17,0.0,2710.02
C204.sol,VRPTW,3,3.0,0.0,591.17,590.6,0.0965120216728642,2699.65
C205.sol,VRPTW,3,3.0,0.0,588.88,588.88,0.0,2712.33
C206.sol,VRPTW,3,3.0,0.0,588.49,588.49,0.0,2688.75
C207.sol,VRPTW,3,3.0,0.0,588.29,588.29,0.0,2702.22
C208.sol,VRPTW,3,3.0,0.0,588.32,588.32,0.0,2708.56
C2_10_1.sol,VRPTW,30,30.0,0.0,16885.5,16879.24,0.03708697784970413,2747.18
C2_10_10.sol,VRPTW,31,28.0,10.714285714285714,18374.59,15937.45,15.291906798138973,2816.17
C2_10_2.sol,VRPTW,32,29.0,10.344827586206897,17544.11,17126.39,2.4390429039628385,2769.32
C2_10_3.sol,VRPTW,31,28.0,10.714285714285714,18204.83,16829.47,8.172331035974398,2817.93
C2_10_4.sol,VRPTW,31,28.0,10.714285714285714,17333.74,15607.48,11.06046587918102,2801.59
C2_10_5.sol,VRPTW,32,30.0,6.666666666666667,17455.34,16561.29,5.39843212696595,2851.91
C2_10_6.sol,VRPTW,32,29.0,10.344827586206897,18894.63,16863.71,12.043138787372424,2820.59
C2_10_7.sol,VRPTW,34,29.0,17.24137931034483,18125.22,17602.84,2.967589320814147,2836.75
C2_10_8.sol,VRPTW,32,28.0,14.285714285714285,17629.68,16512.43,6.766114981259571,2813.14
C2_10_9.sol,VRPTW,33,28.0,17.857142857142858,18090.86,17809.34,1.5807435873536044,2835.28
C2_2_1.sol,VRPTW,6,6.0,0.0,1931.44,1931.44,0.0,2701.01
C2_2_10.sol,VRPTW,6,6.0,0.0,1809.64,1806.58,0.1693808190060873,2702.15
C2_2_2.sol,VRPTW,6,6.0,0.0,1863.58,1863.16,0.0225423474097686,2702.62
C2_2_3.sol,VRPTW,6,6.0,0.0,1802.38,1775.08,1.5379588525587682,2702.99
C2_2_4.sol,VRPTW,6,6.0,0.0,1760.79,1703.43,3.3673235765484875,2702.58
C2_2_5.sol,VRPTW,6,6.0,0.0,1881.72,1878.85,0.1527530138116464,2702.75
C2_2_6.sol,VRPTW,6,6.0,0.0,1858.86,1857.35,0.0812986243842028,2703.11
C2_2_7.sol,VRPTW,6,6.0,0.0,1851.18,1849.46,0.0930001189536419,2703.27
C2_2_8.sol,VRPTW,6,6.0,0.0,1828.69,1820.53,0.4482211224203986,2702.74
C2_2_9.sol,VRPTW,6,6.0,0.0,1841.3,1830.05,0.6147373022595011,2703.72
C2_4_1.sol,VRPTW,12,12.0,0.0,4116.14,4116.05,0.0021865623595472,2706.24
C2_4_10.sol,VRPTW,12,11.0,9.090909090909092,3848.88,3825.67,0.6066911155431607,2714.65
C2_4_2.sol,VRPTW,12,12.0,0.0,3947.74,3929.89,0.4542111865726499,2706.14
C2_4_3.sol,VRPTW,12,11.0,9.090909090909092,3872.06,4018.02,-3.632634979417724,2712.07
C2_4_4.sol,VRPTW,12,11.0,9.090909090909092,3898.15,3702.49,5.2845517476077,2714.06
C2_4_5.sol,VRPTW,12,12.0,0.0,3954.27,3938.69,0.3955629917561404,2714.39
C2_4_6.sol,VRPTW,12,12.0,0.0,3912.79,3875.94,0.9507371115135916,2718.69
C2_4_7.sol,VRPTW,13,12.0,8.333333333333332,4037.58,3894.13,3.683749643694479,2715.86
C2_4_8.sol,VRPTW,13,11.0,18.181818181818183,3900.01,4233.2,-7.870877822923547,2718.25
C2_4_9.sol,VRPTW,13,12.0,8.333333333333332,3970.18,3864.68,2.7298508544045044,2717.01
C2_6_1.sol,VRPTW,18,18.0,0.0,7792.92,7774.1,0.2420859006187173,2712.06
C2_6_10.sol,VRPTW,19,17.0,11.76470588235294,7613.46,7255.69,4.9308887231951815,2734.27
C2_6_2.sol,VRPTW,19,17.0,11.76470588235294,7688.11,8258.2,-6.903320336150748,2724.56
C2_6_3.sol,VRPTW,19,17.0,11.76470588235294,7740.18,7506.62,3.111387015727457,2724.71
C2_6_4.sol,VRPTW,18,17.0,5.88235294117647,7749.49,6909.58,12.15573160742042,2726.88
C2_6_5.sol,VRPTW,19,18.0,5.555555555555555,7806.96,7575.2,3.05945717604816,2748.74
C2_6_6.sol,VRPTW,19,18.0,5.555555555555555,7804.92,7470.36,4.478499028159291,2735.3
C2_6_7.sol,VRPTW,20,18.0,11.11111111111111,7791.42,7512.07,3.718682067659119,2733.11
C2_6_8.sol,VRPTW,19,17.0,11.76470588235294,7854.38,7539.73,4.173226362217222,2730.35
C2_6_9.sol,VRPTW,20,17.0,17.647058823529413,7842.44,7911.61,-0.874284753672136,2737.69
C2_8_1.sol,VRPTW,24,24.0,0.0,11665.78,11662.08,0.0317267588629192,2721.73
C2_8_10.sol,VRPTW,25,23.0,8.695652173913043,12740.67,10977.36,16.06315179606025,2756.12
C2_8_2.sol,VRPTW,25,23.0,8.695652173913043,11811.96,12285.31,-3.852975626988658,2749.06
C2_8_3.sol,VRPTW,26,23.0,13.043478260869565,12059.45,11410.69,5.685545747014424,2763.91
C2_8_4.sol,VRPTW,25,22.0,13.636363636363637,11757.26,10990.64,6.975207995166804,2774.3
C2_8_5.sol,VRPTW,25,24.0,4.166666666666666,11886.8,11425.23,4.039918671221495,2771.08
C2_8_6.sol,VRPTW,26,23.0,13.043478260869565,12427.0,12235.3,1.5667780928951536,2777.19
C2_8_7.sol,VRPTW,27,23.0,17.391304347826086,12499.65,13427.12,-6.907438080541479,2791.66
C2_8_8.sol,VRPTW,25,23.0,8.695652173913043,12061.77,11288.01,6.854706896964126,2775.19
C2_8_9.sol,VRPTW,27,23.0,17.391304347826086,12303.05,11592.52,6.129210904962845,2782.58
R101.sol,VRPTW,20,19.0,5.263157894736842,1645.16,1650.8,-0.341652532105638,2706.54
R102.sol,VRPTW,18,17.0,5.88235294117647,1472.81,1486.12,-0.8956208112400039,2686.33
R103.sol,VRPTW,14,13.0,7.6923076923076925,1213.62,1292.68,-6.11597611164404,2711.87
R104.sol,VRPTW,10,9.0,11.11111111111111,989.17,1007.31,-1.8008358896466816,2685.91
R105.sol,VRPTW,14,14.0,0.0,1377.11,1377.11,0.0,2690.93
R106.sol,VRPTW,12,12.0,0.0,1281.59,1252.03,2.360965791554511,2691.43
R107.sol,VRPTW,11,10.0,10.0,1079.48,1104.66,-2.279434396103784,2706.43
R108.sol,VRPTW,10,9.0,11.11111111111111,955.12,960.88,-0.5994505037049361,2692.15
R109.sol,VRPTW,12,11.0,9.090909090909092,1159.73,1194.73,-2.929532195558829,2710.59
R110.sol,VRPTW,11,10.0,10.0,1108.19,1118.84,-0.951878731543372,2689.34
R111.sol,VRPTW,11,,,1065.85,,,2697.41
R112.sol,VRPTW,10,9.0,11.11111111111111,962.05,982.14,-2.04553322336938,2700.45
R1_10_1.sol,VRPTW,100,100.0,0.0,56066.2,53380.18,5.031867633267622,2793.22
R1_10_10.sol,VRPTW,93,91.0,2.197802197802198,51746.55,47407.16,9.153448550809625,2729.13
R1_10_2.sol,VRPTW,93,91.0,2.197802197802198,52525.11,48232.67,8.89944512713064,2744.66
R1_10_3.sol,VRPTW,92,91.0,1.098901098901099,53672.67,44694.16,20.08877669923765,2746.04
R1_10_4.sol,VRPTW,91,91.0,0.0,50385.96,42463.74,18.656434878322077,2728.81
R1_10_5.sol,VRPTW,93,91.0,2.197802197802198,54360.14,50445.39,7.760372156900759,2736.66
R1_10_6.sol,VRPTW,92,91.0,1.098901098901099,52642.3,46930.04,12.171862627860538,2735.89
R1_10_7.sol,VRPTW,91,91.0,0.0,55670.84,43975.47,26.59521319499256,2745.61
R1_10_8.sol,VRPTW,91,91.0,0.0,49949.87,42288.5,18.116911216997536,2738.29
R1_10_9.sol,VRPTW,93,91.0,2.197802197802198,53173.13,49195.26,8.085880631589294,2723.27
R1_2_1.sol,VRPTW,21,20.0,5.0,4742.62,4784.11,-0.8672459454318523,2702.54
R1_2_10.sol,VRPTW,18,18.0,0.0,3451.72,3301.18,4.560187569293403,2701.44
R1_2_2.sol,VRPTW,19,18.0,5.555555555555555,4061.26,4039.86,0.5297213269766797,2701.87
R1_2_3.sol,VRPTW,18,18.0,0.0,3526.08,3381.96,4.261434197920729,2701.39
R1_2_4.sol,VRPTW,18,18.0,0.0,3171.1,3057.81,3.704939155801046,2701.35
R1_2_5.sol,VRPTW,19,18.0,5.555555555555555,4125.14,4107.86,0.4206569844152589,2701.48
R1_2_6.sol,VRPTW,18,18.0,0.0,3857.84,3583.14,7.666460143896144,2701.3
R1_2_7.sol,VRPTW,18,18.0,0.0,3282.77,3150.11,4.21128151080438,2701.24
R1_2_8.sol,VRPTW,18,18.0,0.0,3082.85,2951.99,4.432941846008968,2701.33
R1_2_9.sol,VRPTW,18,18.0,0.0,3965.14,3760.58,5.439586446771507,2701.43
R1_4_1.sol,VRPTW,40,40.0,0.0,10640.83,10372.31,2.5888157989878864,2708.59
R1_4_10.sol,VRPTW,37,36.0,2.7777777777777777,8540.42,8094.1,5.514139929084144,2705.33
R1_4_2.sol,VRPTW,37,36.0,2.7777777777777777,9360.35,8898.15,5.194338148941081,2706.63
R1_4_3.sol,VRPTW,37,36.0,2.7777777777777777,8328.45,7808.34,6.660954825225343,2705.05
R1_4_4.sol,VRPTW,36,36.0,0.0,7934.48,7282.78,8.94850592768146,2706.83
R1_4_5.sol,VRPTW,37,36.0,2.7777777777777777,9551.36,9222.96,3.5606790011016147,2703.21
R1_4_6.sol,VRPTW,37,36.0,2.7777777777777777,8809.68,8358.69,5.395462686138615,2705.54
R1_4_7.sol,VRPTW,36,36.0,0.0,8706.04,7616.15,14.310248616426952,2706.36
R1_4_8.sol,VRPTW,36,36.0,0.0,7833.06,7257.28,7.933826447374232,2704.39
R1_4_9.sol,VRPTW,37,36.0,2.7777777777777777,9106.54,8694.78,4.735714992213722,2703.96
R1_6_1.sol,VRPTW,59,59.0,0.0,22002.17,21394.95,2.8381463850114046,2722.51
R1_6_10.sol,VRPTW,55,54.0,1.851851851851852,19095.91,17610.12,8.437137282426246,2711.99
R1_6_2.sol,VRPTW,55,54.0,1.851851851851852,20051.87,18585.0,7.892762980898568,2716.34
R1_6_3.sol,VRPTW,55,54.0,1.851851851851852,18222.1,16900.67,7.818802449843706,2711.09
R1_6_4.sol,VRPTW,55,54.0,1.851851851851852,17023.72,15748.07,8.100357694625446,2712.36
R1_6_5.sol,VRPTW,55,54.0,1.851851851851852,20919.18,19381.52,7.933639879637923,2709.61
R1_6_6.sol,VRPTW,55,54.0,1.851851851851852,19323.26,17790.97,8.612740058580263,2713.39
R1_6_7.sol,VRPTW,55,54.0,1.851851851851852,18008.85,16522.52,8.995782725637481,2714.67
R1_6_8.sol,VRPTW,54,54.0,0.0,18377.14,15610.0,17.72671364509929,2708.74
R1_6_9.sol,VRPTW,55,54.0,1.851851851851852,20057.23,18530.96,8.23632450774272,2710.57
R1_8_1.sol,VRPTW,80,80.0,0.0,38177.05,36767.92,3.832498547646984,2760.31
R1_8_10.sol,VRPTW,73,72.0,1.3888888888888888,33649.31,30952.77,8.711788961052589,2718.56
R1_8_2.sol,VRPTW,73,72.0,1.3888888888888888,34939.26,32313.17,8.126995896719523,2725.99
R1_8_3.sol,VRPTW,72,72.0,0.0,32363.26,29338.97,10.308098750569624,2721.44
R1_8_4.sol,VRPTW,72,72.0,0.0,30337.32,27769.19,9.248127150990005,2723.97
R1_8_5.sol,VRPTW,73,72.0,1.3888888888888888,36188.17,33529.08,7.930697770413015,2725.08
R1_8_6.sol,VRPTW,73,72.0,1.3888888888888888,33633.82,30906.9,8.823013631260327,2722.92
R1_8_7.sol,VRPTW,72,72.0,0.0,34050.22,28823.76,18.13247126676049,2722.47
R1_8_8.sol,VRPTW,72,72.0,0.0,30103.08,27643.38,8.897971232172045,2725.9
R1_8_9.sol,VRPTW,73,72.0,1.3888888888888888,34996.23,32293.46,8.369403588218805,2715.78
R201.sol,VRPTW,4,4.0,0.0,1313.02,1252.37,4.842818017039701,2714.57
R202.sol,VRPTW,4,3.0,33.33333333333333,1082.85,1191.7,-9.134010237475886,2707.96
R203.sol,VRPTW,4,3.0,33.33333333333333,897.9,939.5,-4.427887174028741,2686.07
R204.sol,VRPTW,3,2.0,50.0,750.27,825.52,-9.115466614982072,2709.53
R205.sol,VRPTW,4,3.0,33.33333333333333,959.89,994.43,-3.473346540229073,2708.55
R206.sol,VRPTW,3,3.0,0.0,906.14,906.14,0.0,2699.72
R207.sol,VRPTW,3,2.0,50.0,812.69,890.61,-8.749059633285047,2704.96
R208.sol,VRPTW,3,2.0,50.0,707.35,726.82,-2.6787925483613586,2691.04
R209.sol,VRPTW,4,3.0,33.33333333333333,864.07,909.16,-4.959523076246197,2720.05
R210.sol,VRPTW,4,3.0,33.33333333333333,931.02,939.37,-0.888893620192259,2702.85
R211.sol,VRPTW,3,2.0,50.0,778.89,885.71,-12.06038093732712,2685.84
R2_10_1.sol,VRPTW,23,19.0,21.052631578947366,42428.79,42182.57,0.583700803436114,2862.47
R2_10_10.sol,VRPTW,20,19.0,5.263157894736842,33904.61,30207.49,12.239083750420836,2884.73
R2_10_2.sol,VRPTW,21,19.0,10.526315789473683,35688.36,33411.21,6.815526884539655,2791.75
R2_10_3.sol,VRPTW,19,19.0,0.0,33402.72,24916.88,34.05659135493689,2775.36
R2_10_4.sol,VRPTW,19,19.0,0.0,19950.08,17851.96,11.752883156807448,2783.42
R2_10_5.sol,VRPTW,20,19.0,5.263157894736842,39673.73,36216.05,9.547369191283977,2859.87
R2_10_6.sol,VRPTW,20,19.0,5.263157894736842,32324.97,29978.02,7.828902642669531,2818.99
R2_10_7.sol,VRPTW,19,19.0,0.0,26845.22,23219.61,15.614431077869096,2788.86
R2_10_8.sol,VRPTW,19,19.0,0.0,19580.92,17442.29,12.261176714754756,2796.1
R2_10_9.sol,VRPTW,20,19.0,5.263157894736842,35725.66,32995.71,8.273651332248964,2870.96
R2_2_1.sol,VRPTW,6,4.0,50.0,3839.08,4483.16,-14.366652093612538,2703.26
R2_2_10.sol,VRPTW,4,4.0,0.0,2673.44,2654.97,0.6956764106562506,2702.76
R2_2_2.sol,VRPTW,5,4.0,25.0,3358.98,3621.2,-7.24124599580249,2702.76
R2_2_3.sol,VRPTW,5,4.0,25.0,2734.81,2880.62,-5.061757538307724,2702.48
R2_2_4.sol,VRPTW,4,4.0,0.0,1983.7,1981.29,0.121637922767494,2703.28
R2_2_5.sol,VRPTW,5,4.0,25.0,3267.07,3366.79,-2.961871693809231,2703.86
R2_2_6.sol,VRPTW,4,4.0,0.0,2936.81,2913.03,0.8163321352680797,2704.69
R2_2_7.sol,VRPTW,4,4.0,0.0,2460.59,2451.14,0.3855348939677159,2703.2
R2_2_8.sol,VRPTW,4,4.0,0.0,1850.1,1849.87,0.0124333061242151,2703.61
R2_2_9.sol,VRPTW,4,4.0,0.0,3149.12,3092.04,1.8460304523874185,2705.92
R2_4_1.sol,VRPTW,10,8.0,25.0,8814.68,9210.15,-4.293849720145702,2714.94
R2_4_10.sol,VRPTW,8,8.0,0.0,6135.71,5773.17,6.279738860972393,2716.58
R2_4_2.sol,VRPTW,9,8.0,12.5,7555.32,7606.75,-0.6761100338515172,2711.29
R2_4_3.sol,VRPTW,8,8.0,0.0,6168.51,5911.07,4.3552182599766285,2709.65
R2_4_4.sol,VRPTW,8,8.0,0.0,4403.14,4241.47,3.81165020617852,2714.54
R2_4_5.sol,VRPTW,9,8.0,12.5,7300.33,7127.83,2.4200913882626267,2718.09
R2_4_6.sol,VRPTW,8,8.0,0.0,6464.6,6122.6,5.585862215398686,2713.16
R2_4_7.sol,VRPTW,8,8.0,0.0,5283.45,5018.53,5.278836631443871,2712.72
R2_4_8.sol,VRPTW,8,8.0,0.0,4129.59,4015.6,2.838679151309897,2712.79
R2_4_9.sol,VRPTW,9,8.0,12.5,6830.94,6400.1,6.731769816096611,2712.61
R2_6_1.sol,VRPTW,14,11.0,27.27272727272727,17374.23,18205.58,-4.566457097219655,2742.79
R2_6_10.sol,VRPTW,12,11.0,9.090909090909092,13081.92,12202.28,7.208816712942166,2739.81
R2_6_2.sol,VRPTW,13,11.0,18.181818181818183,14606.88,14754.13,-0.998025637567244,2744.79
R2_6_3.sol,VRPTW,12,11.0,9.090909090909092,11574.09,11188.7,3.4444573542949533,2726.24
R2_6_4.sol,VRPTW,11,11.0,0.0,8849.14,8008.14,10.501814403844078,2739.49
R2_6_5.sol,VRPTW,12,11.0,9.090909090909092,15677.02,15067.34,4.046367839313378,2735.64
R2_6_6.sol,VRPTW,12,11.0,9.090909090909092,13338.36,12498.27,6.721650276398254,2730.21
R2_6_7.sol,VRPTW,12,11.0,9.090909090909092,10805.16,10064.56,7.358493565540872,2742.51
R2_6_8.sol,VRPTW,11,11.0,0.0,8306.81,7571.99,9.704450217182004,2728.02
R2_6_9.sol,VRPTW,12,11.0,9.090909090909092,14120.04,13377.56,5.55019001970465,2738.22
R2_8_1.sol,VRPTW,17,15.0,13.333333333333334,29494.23,28112.36,4.9155247015903285,2787.02
R2_8_10.sol,VRPTW,16,15.0,6.666666666666667,22116.56,20358.61,8.634921539338887,2785.23
R2_8_2.sol,VRPTW,16,15.0,6.666666666666667,24555.82,22795.79,7.720855473751946,2782.56
R2_8_3.sol,VRPTW,16,15.0,6.666666666666667,19027.01,17703.99,7.473004672957885,2763.23
R2_8_4.sol,VRPTW,15,15.0,0.0,14517.81,13192.32,10.047436690438072,2758.14
R2_8_5.sol,VRPTW,16,15.0,6.666666666666667,25761.17,24255.0,6.209729952587089,2794.09
R2_8_6.sol,VRPTW,16,15.0,6.666666666666667,21917.84,20412.02,7.377123871130832,2783.41
R2_8_7.sol,VRPTW,15,15.0,0.0,18235.42,16597.87,9.866024977903788,2754.41
R2_8_8.sol,VRPTW,15,15.0,0.0,14055.07,12642.67,11.17169078999926,2761.89
R2_8_9.sol,VRPTW,16,15.0,6.666666666666667,23982.59,22277.04,7.656088959754075,2805.04
RC101.sol,VRPTW,15,14.0,7.142857142857142,1631.25,1696.95,-3.8716520816759505,2693.05
RC102.sol,VRPTW,13,12.0,8.333333333333332,1539.28,1554.75,-0.99501527576781,2698.0
RC103.sol,VRPTW,11,11.0,0.0,1284.63,1261.67,1.8198102514920729,2708.65
RC104.sol,VRPTW,10,10.0,0.0,1147.66,1135.48,1.0726741113890217,2705.05
RC105.sol,VRPTW,15,13.0,15.384615384615383,1534.92,1629.44,-5.800765907305576,2708.74
RC106.sol,VRPTW,12,11.0,9.090909090909092,1394.12,1424.73,-2.148477255339617,2708.82
RC107.sol,VRPTW,11,11.0,0.0,1263.09,1230.48,2.6501852935439745,2690.6
RC108.sol,VRPTW,11,10.0,10.0,1141.67,1139.82,0.1623063290695142,2689.94
RC1_10_1.sol,VRPTW,93,90.0,3.333333333333333,48700.73,45830.62,6.262428917610105,2754.58
RC1_10_10.sol,VRPTW,91,90.0,1.1111111111111112,47281.89,43551.69,8.564994837169342,2731.73
RC1_10_2.sol,VRPTW,91,90.0,1.1111111111111112,48001.85,43718.84,9.796714642931976,2749.9
RC1_10_3.sol,VRPTW,91,90.0,1.1111111111111112,46648.82,42146.79,10.681786204833154,2733.41
RC1_10_4.sol,VRPTW,90,90.0,0.0,45447.73,41391.18,9.800517888110468,2737.81
RC1_10_5.sol,VRPTW,92,90.0,2.2222222222222223,48195.48,45069.37,6.936218544878707,2744.11
RC1_10_6.sol,VRPTW,92,90.0,2.2222222222222223,48390.8,44937.36,7.68500864314237,2746.25
RC1_10_7.sol,VRPTW,91,90.0,1.1111111111111112,48140.0,44457.79,8.28248547667349,2742.87
RC1_10_8.sol,VRPTW,91,90.0,1.1111111111111112,47668.95,43956.91,8.444724617813202,2736.68
RC1_10_9.sol,VRPTW,91,90.0,1.1111111111111112,47742.72,43897.21,8.760260617929937,2730.28
RC1_2_1.sol,VRPTW,19,18.0,5.555555555555555,3572.61,3602.8,-0.8379593649383827,2701.5
RC1_2_10.sol,VRPTW,19,18.0,5.555555555555555,3179.33,3000.3,5.967069959670691,2701.17
RC1_2_2.sol,VRPTW,19,18.0,5.555555555555555,3284.44,3249.05,1.0892414705837052,2701.19
RC1_2_3.sol,VRPTW,18,18.0,0.0,3499.14,3008.33,16.315031928013216,2701.4
RC1_2_4.sol,VRPTW,18,18.0,0.0,3026.24,2851.68,6.121303933120124,2701.31
RC1_2_5.sol,VRPTW,19,18.0,5.555555555555555,3395.45,3371.0,0.7253040640759365,2701.16
RC1_2_6.sol,VRPTW,19,18.0,5.555555555555555,3388.95,3324.8,1.92943936477381,2701.37
RC1_2_7.sol,VRPTW,19,18.0,5.555555555555555,3283.71,3189.32,2.95956504834886,2701.29
RC1_2_8.sol,VRPTW,19,18.0,5.555555555555555,3173.52,3083.93,2.9050594533598413,2701.08
RC1_2_9.sol,VRPTW,18,18.0,0.0,3271.6,3081.13,6.181822902636363,2701.41
RC1_4_1.sol,VRPTW,38,36.0,5.555555555555555,8782.85,8571.32,2.4678812598292987,2707.42
RC1_4_10.sol,VRPTW,37,36.0,2.7777777777777777,7999.58,7596.04,5.31250493678285,2704.71
RC1_4_2.sol,VRPTW,37,36.0,2.7777777777777777,8338.52,7892.52,5.650920111700699,2707.15
RC1_4_3.sol,VRPTW,37,36.0,2.7777777777777777,7984.79,7533.05,5.996774214959409,2705.22
RC1_4_4.sol,VRPTW,37,36.0,2.7777777777777777,7672.2,7308.55,4.975679170286851,2705.96
RC1_4_5.sol,VRPTW,37,36.0,2.7777777777777777,8695.11,8172.64,6.392915875408684,2705.89
RC1_4_6.sol,VRPTW,37,36.0,2.7777777777777777,8625.88,8164.98,5.644839301504715,2705.81
RC1_4_7.sol,VRPTW,37,36.0,2.7777777777777777,8408.78,7948.51,5.790645039133126,2705.4
RC1_4_8.sol,VRPTW,37,36.0,2.7777777777777777,8182.3,7772.57,5.271486779790989,2704.9
RC1_4_9.sol,VRPTW,37,36.0,2.7777777777777777,8134.77,7733.35,5.1907646750761325,2704.49
RC1_6_1.sol,VRPTW,57,55.0,3.636363636363636,18010.32,16982.86,6.049982158482135,2711.77
RC1_6_10.sol,VRPTW,56,55.0,1.818181818181818,16842.57,15675.53,7.444979531792539,2709.22
RC1_6_2.sol,VRPTW,56,55.0,1.818181818181818,17174.62,15914.7,7.916705938534803,2715.31
RC1_6_3.sol,VRPTW,56,55.0,1.818181818181818,16414.4,15204.64,7.956518536446783,2711.52
RC1_6_4.sol,VRPTW,55,55.0,0.0,16449.28,14777.19,11.315344798300613,2711.62
RC1_6_5.sol,VRPTW,56,55.0,1.818181818181818,17894.35,16559.78,8.059104649941,2714.43
RC1_6_6.sol,VRPTW,56,55.0,1.818181818181818,17783.89,16496.88,7.801535805558374,2709.85
RC1_6_7.sol,VRPTW,56,55.0,1.818181818181818,17301.75,16077.12,7.617222487609716,2710.9
RC1_6_8.sol,VRPTW,56,55.0,1.818181818181818,17029.35,15914.91,7.002490117757492,2710.13
RC1_6_9.sol,VRPTW,56,55.0,1.818181818181818,17107.59,15826.24,8.096364013183171,2711.03
RC1_8_1.sol,VRPTW,75,72.0,4.166666666666666,31901.55,30464.65,4.716614174132963,2771.03
RC1_8_10.sol,VRPTW,74,72.0,2.7777777777777777,30235.03,28331.16,6.72005664434495,2743.03
RC1_8_2.sol,VRPTW,74,72.0,2.7777777777777777,30749.77,28511.37,7.850902990631463,2672.84
RC1_8_3.sol,VRPTW,73,72.0,1.3888888888888888,30313.03,27528.16,10.116440764656987,2775.0
RC1_8_4.sol,VRPTW,73,72.0,1.3888888888888888,28792.88,26663.45,7.986325850555724,2744.28
RC1_8_5.sol,VRPTW,74,72.0,2.7777777777777777,31534.51,29508.27,6.866685169954042,2720.95
RC1_8_6.sol,VRPTW,74,72.0,2.7777777777777777,31604.06,29458.38,7.283767810721432,2740.09
RC1_8_7.sol,VRPTW,74,72.0,2.7777777777777777,31080.72,28979.6,7.250341619622088,2739.21
RC1_8_8.sol,VRPTW,74,72.0,2.7777777777777777,30706.34,28605.6,7.3438068070587645,2725.58
RC1_8_9.sol,VRPTW,74,72.0,2.7777777777777777,30474.54,28555.53,6.720274496743721,2740.73
RC201.sol,VRPTW,5,4.0,25.0,1313.73,1406.94,-6.625015992153186,2708.52
RC202.sol,VRPTW,4,3.0,33.33333333333333,1161.46,1365.65,-14.951854428294222,2702.28
RC203.sol,VRPTW,4,3.0,33.33333333333333,956.99,1049.62,-8.825098607114946,2692.98
RC204.sol,VRPTW,3,3.0,0.0,800.42,798.46,0.2454725346291514,2704.9
RC205.sol,VRPTW,5,4.0,25.0,1240.29,1297.65,-4.420298231418342,2685.78
RC206.sol,VRPTW,4,3.0,33.33333333333333,1081.86,1146.32,-5.623211668644012,2714.95
RC207.sol,VRPTW,4,3.0,33.33333333333333,1006.95,1061.14,-5.106771962229305,2711.98
RC208.sol,VRPTW,3,3.0,0.0,918.47,828.14,10.907576013717494,2704.52
RC2_10_1.sol,VRPTW,26,20.0,30.0,30906.46,30276.27,2.0814651210337294,2741.07
RC2_10_10.sol,VRPTW,20,18.0,11.11111111111111,23713.31,21834.94,8.602588328614608,2742.32
RC2_10_2.sol,VRPTW,24,18.0,33.33333333333333,26103.1,26104.09,-0.0037925091432093,2741.36
RC2_10_3.sol,VRPTW,22,18.0,22.22222222222222,20918.62,19911.48,5.058087093475721,2733.09
RC2_10_4.sol,VRPTW,19,18.0,5.555555555555555,16795.09,15693.28,7.0209032146243455,2732.21
RC2_10_5.sol,VRPTW,24,18.0,33.33333333333333,27853.92,27067.04,2.9071520195780454,2741.64
RC2_10_6.sol,VRPTW,24,18.0,33.33333333333333,28105.32,26741.27,5.100917046946534,2735.4
RC2_10_7.sol,VRPTW,22,18.0,22.22222222222222,27069.05,24999.66,8.277672576347037,2731.32
RC2_10_8.sol,VRPTW,20,18.0,11.11111111111111,25626.79,23595.33,8.609585032292403,2744.72
RC2_10_9.sol,VRPTW,23,18.0,27.77777777777778,25904.26,22919.42,13.023191686351575,2730.66
RC2_2_1.sol,VRPTW,7,6.0,16.666666666666664,2959.95,3099.53,-4.503263397999064,2701.26
RC2_2_10.sol,VRPTW,4,4.0,0.0,2040.09,2015.6,1.2150228219884902,2701.3
RC2_2_2.sol,VRPTW,6,5.0,20.0,2687.65,2825.24,-4.870028740921114,2700.9
RC2_2_3.sol,VRPTW,5,4.0,25.0,2481.37,2601.87,-4.631284422357767,2701.39
RC2_2_4.sol,VRPTW,5,4.0,25.0,1948.51,2038.56,-4.417333804253981,2701.3
RC2_2_5.sol,VRPTW,6,4.0,50.0,2597.39,2911.46,-10.78737128451018,2701.38
RC2_2_6.sol,VRPTW,6,4.0,50.0,2566.23,2873.12,-10.681419502144006,2701.36
RC2_2_7.sol,VRPTW,5,4.0,25.0,2412.79,2525.83,-4.475360574543812,2701.25
RC2_2_8.sol,VRPTW,5,4.0,25.0,2186.63,2292.53,-4.619350673709835,2701.23
RC2_2_9.sol,VRPTW,5,4.0,25.0,2137.1,2175.04,-1.7443357363542764,2701.47
RC2_4_1.sol,VRPTW,14,11.0,27.27272727272727,6479.69,6682.37,-3.0330556374460005,2705.05
RC2_4_10.sol,VRPTW,8,8.0,0.0,4663.09,4278.61,8.98609595172265,2705.64
RC2_4_2.sol,VRPTW,12,9.0,33.33333333333333,5974.23,6180.62,-3.339309001362328,2706.92
RC2_4_3.sol,VRPTW,10,8.0,25.0,5004.02,4930.84,1.4841284649268742,2706.26
RC2_4_4.sol,VRPTW,8,8.0,0.0,3867.93,3631.01,6.524906293290286,2705.19
RC2_4_5.sol,VRPTW,12,8.0,50.0,5674.43,6706.44,-15.388343144798124,2705.17
RC2_4_6.sol,VRPTW,11,8.0,37.5,5695.12,5766.61,-1.2397231649097091,2705.24
RC2_4_7.sol,VRPTW,10,8.0,25.0,5608.8,5334.72,5.1376642073060985,2706.77
RC2_4_8.sol,VRPTW,9,8.0,12.5,4999.54,4790.14,4.371479747982305,2705.73
RC2_4_9.sol,VRPTW,8,8.0,0.0,5141.11,4551.11,12.963870352507412,2705.44
RC2_6_1.sol,VRPTW,20,14.0,42.85714285714285,12558.96,13324.93,-5.7483979277940005,2712.78
RC2_6_10.sol,VRPTW,12,11.0,9.090909090909092,9648.79,9058.9,6.51171775822673,2710.67
RC2_6_2.sol,VRPTW,17,12.0,41.66666666666667,10936.67,11555.51,-5.355367266351725,2712.01
RC2_6_3.sol,VRPTW,14,11.0,27.27272727272727,9248.57,9438.52,-2.0124977221005063,2710.16
RC2_6_4.sol,VRPTW,12,11.0,9.090909090909092,7569.42,7057.94,7.246873733695675,2714.76
RC2_6_5.sol,VRPTW,17,11.0,54.54545454545454,11754.71,12909.07,-8.942239836022274,2712.53
RC2_6_6.sol,VRPTW,15,11.0,36.36363636363637,11624.49,11913.11,-2.4227090994710934,2707.84
RC2_6_7.sol,VRPTW,15,11.0,36.36363636363637,10895.51,10711.85,1.7145497743153597,2712.23
RC2_6_8.sol,VRPTW,13,11.0,18.181818181818183,10675.59,9990.4,6.858484144778994,2712.66
RC2_6_9.sol,VRPTW,12,11.0,9.090909090909092,10399.4,9574.99,8.610035101864334,2710.13
RC2_8_1.sol,VRPTW,24,18.0,33.33333333333333,20101.74,20981.14,-4.191383309009892,2757.56
RC2_8_10.sol,VRPTW,16,15.0,6.666666666666667,15687.37,14411.81,8.850796673006384,2781.85
RC2_8_2.sol,VRPTW,20,16.0,25.0,17895.27,18151.95,-1.414062951914259,2708.28
RC2_8_3.sol,VRPTW,19,15.0,26.666666666666668,14622.38,14427.39,1.351526506180257,2774.62
RC2_8_4.sol,VRPTW,16,15.0,6.666666666666667,11856.83,10999.03,7.798869536677317,2713.1
RC2_8_5.sol,VRPTW,21,15.0,40.0,18305.61,19074.02,-4.028568702350107,2737.25
RC2_8_6.sol,VRPTW,20,15.0,33.33333333333333,18206.06,18143.04,0.3473508298499063,2778.39
RC2_8_7.sol,VRPTW,19,15.0,26.666666666666668,17334.52,16817.46,3.0745427668625425,2762.73
RC2_8_8.sol,VRPTW,17,15.0,13.333333333333334,16760.75,15759.14,6.355740224403113,2710.65
RC2_8_9.sol,VRPTW,17,15.0,13.333333333333334,16485.28,15325.25,7.569403435506754,2769.77
lc101.sol,PDPTW,10,10.0,0.0,828.94,828.94,0.0,2700.43
lc102.sol,PDPTW,10,10.0,0.0,828.94,828.94,0.0,2700.44
lc103.sol,PDPTW,10,9.0,11.11111111111111,827.86,1035.35,-20.04056599217655,2700.9
lc104.sol,PDPTW,9,9.0,0.0,993.9,860.01,15.568423622981124,2700.5
lc105.sol,PDPTW,10,10.0,0.0,828.94,828.94,0.0,2700.34
lc106.sol,PDPTW,10,10.0,0.0,828.94,828.94,0.0,2701.76
lc107.sol,PDPTW,10,10.0,0.0,828.94,828.94,0.0,2700.46
lc108.sol,PDPTW,10,10.0,0.0,826.44,826.44,0.0,2700.52
lc109.sol,PDPTW,10,9.0,11.11111111111111,827.82,1000.6,-17.267639416350185,2700.66
LC1_10_1.sol,PDPTW,106,,,46371.87,,,2945.21
LC1_10_10.sol,PDPTW,101,86.0,17.441860465116278,48750.61,42929.15,13.560622560660992,3193.4
LC1_10_2.sol,PDPTW,103,94.0,9.574468085106384,46217.97,44548.51,3.747510298324229,3114.16
LC1_10_3.sol,PDPTW,97,78.0,24.35897435897436,46724.92,45906.3,1.783241080200311,3274.14
LC1_10_4.sol,PDPTW,87,72.0,20.833333333333336,44873.54,37782.17,18.76909134652669,3623.47
LC1_10_5.sol,PDPTW,105,,,45538.44,,,3134.28
LC1_10_6.sol,PDPTW,108,101.0,6.930693069306932,47557.3,42838.39,11.015610063776917,3126.96
LC1_10_7.sol,PDPTW,110,100.0,10.0,49788.88,42854.99,16.179889436446025,3133.62
LC1_10_8.sol,PDPTW,107,98.0,9.183673469387756,48577.52,42949.56,13.10364995590176,3131.05
LC1_10_9.sol,PDPTW,104,90.0,15.555555555555555,49819.69,43564.01,14.359743283503976,3169.72
LC1_2_1.sol,PDPTW,20,,,2704.57,,,2703.49
LC1_2_10.sol,PDPTW,19,17.0,11.76470588235294,2878.4,2942.13,-2.166117744627192,2704.99
LC1_2_2.sol,PDPTW,19,,,2764.56,,,2703.57
LC1_2_3.sol,PDPTW,18,17.0,5.88235294117647,2774.67,3127.78,-11.28947688136634,2704.99
LC1_2_4.sol,PDPTW,18,17.0,5.88235294117647,2661.4,2693.41,-1.1884562691903486,2706.77
LC1_2_5.sol,PDPTW,20,,,2702.05,,,2704.25
LC1_2_6.sol,PDPTW,20,,,2701.04,,,2704.74
LC1_2_7.sol,PDPTW,20,,,2701.04,,,2705.31
LC1_2_8.sol,PDPTW,20,19.0,5.263157894736842,2759.16,3354.27,-17.741863356259337,2705.75
LC1_2_9.sol,PDPTW,18,,,2769.06,,,2705.05
LC1_4_1.sol,PDPTW,42,40.0,5.0,7478.33,7152.06,4.561902444889997,2724.14
LC1_4_10.sol,PDPTW,37,34.0,8.823529411764707,7587.07,7850.22,-3.352135354168425,2740.68
LC1_4_2.sol,PDPTW,41,38.0,7.894736842105263,7419.62,8007.79,-7.344972832704155,2726.5
LC1_4_3.sol,PDPTW,39,32.0,21.875,7820.58,8678.23,-9.882775635123748,2740.3
LC1_4_4.sol,PDPTW,33,30.0,10.0,7250.69,6451.68,12.3845262009275,2757.0
LC1_4_5.sol,PDPTW,41,40.0,2.5,7341.67,7150.0,2.6806993006993016,2732.58
LC1_4_6.sol,PDPTW,41,40.0,2.5,7503.92,7154.02,4.890956413317262,2727.36
LC1_4_7.sol,PDPTW,40,40.0,0.0,7321.75,7149.43,2.4102620768368905,2741.84
LC1_4_8.sol,PDPTW,39,38.0,2.631578947368421,7147.24,8305.42,-13.944869735666591,2735.94
LC1_4_9.sol,PDPTW,38,36.0,5.555555555555555,7844.28,7451.2,5.275391883186599,2736.62
LC1_6_1.sol,PDPTW,62,,,14563.45,,,2797.97
LC1_6_10.sol,PDPTW,58,51.0,13.725490196078432,15943.2,15432.55,3.308915247318178,2841.79
LC1_6_2.sol,PDPTW,62,57.0,8.771929824561402,15134.59,15048.16,0.5743559345461524,2813.48
LC1_6_3.sol,PDPTW,57,49.0,16.3265306122449,16038.8,14874.68,7.826185168353195,2804.66
LC1_6_4.sol,PDPTW,53,47.0,12.76595744680851,14489.12,13300.55,8.936246997304636,2922.66
LC1_6_5.sol,PDPTW,63,60.0,5.0,15277.95,14086.3,8.459638088071399,2813.29
LC1_6_6.sol,PDPTW,65,60.0,8.333333333333332,16074.75,14090.79,14.079835126348481,2776.21
LC1_6_7.sol,PDPTW,64,60.0,6.666666666666667,15440.08,14083.76,9.630382795503472,2808.65
LC1_6_8.sol,PDPTW,61,58.0,5.172413793103448,15196.88,14880.7,2.1247656360251765,2811.58
LC1_6_9.sol,PDPTW,58,53.0,9.433962264150944,15746.36,15207.58,3.542838505534744,2857.57
LC1_8_1.sol,PDPTW,84,80.0,5.0,26778.13,25184.38,6.328327320346977,2865.07
LC1_8_10.sol,PDPTW,80,68.0,17.647058823529413,30020.16,27099.59,10.77717411960845,3070.91
LC1_8_2.sol,PDPTW,81,76.0,6.578947368421052,26188.7,29735.85,-11.928867007332892,2944.82
LC1_8_3.sol,PDPTW,80,62.0,29.03225806451613,29370.34,27287.8,7.631762179435501,2985.22
LC1_8_4.sol,PDPTW,67,59.0,13.559322033898304,25754.22,22686.08,13.524328575055714,3145.56
LC1_8_5.sol,PDPTW,85,80.0,6.25,27206.88,25211.22,7.91576131579511,2915.9
LC1_8_6.sol,PDPTW,83,80.0,3.75,26501.72,25164.25,5.314960708147476,2943.13
LC1_8_7.sol,PDPTW,87,80.0,8.75,30061.83,25158.38,19.490324893733224,2889.81
LC1_8_8.sol,PDPTW,83,77.0,7.792207792207792,28347.0,26688.17,6.215600395231302,2977.04
LC1_8_9.sol,PDPTW,81,71.0,14.084507042253522,29883.92,26975.61,10.781257587872888,2967.82
lc201.sol,PDPTW,3,3.0,0.0,591.56,591.56,0.0,2700.99
lc202.sol,PDPTW,3,3.0,0.0,591.56,591.56,0.0,2701.11
lc203.sol,PDPTW,3,,,591.17,,,2701.88
lc204.sol,PDPTW,3,3.0,0.0,591.17,590.6,0.0965120216728642,2701.68
lc205.sol,PDPTW,3,3.0,0.0,588.88,588.88,0.0,2701.59
lc206.sol,PDPTW,3,3.0,0.0,588.49,588.49,0.0,2701.69
lc207.sol,PDPTW,3,3.0,0.0,588.29,588.29,0.0,2701.11
lc208.sol,PDPTW,3,3.0,0.0,588.32,588.32,0.0,2701.31
LC2_10_1.sol,PDPTW,41,30.0,36.666666666666664,21014.95,16879.24,24.501754818344896,3711.28
LC2_10_10.sol,PDPTW,41,29.0,41.37931034482759,22306.47,17043.64,30.878556458596883,4454.09
LC2_10_2.sol,PDPTW,41,30.0,36.66666666666666,21031.91,20764.09,1.2898229587716086,3977.67
LC2_10_3.sol,PDPTW,43,29.0,48.27586206896552,22146.2,19299.48,14.75024197543147,4136.39
LC2_10_4.sol,PDPTW,44,29.0,51.72413793103448,25701.0,17886.97,43.68559907016112,4879.42
LC2_10_5.sol,PDPTW,47,31.0,51.61290322580645,23139.12,17137.53,35.02015751394747,4093.73
LC2_10_6.sol,PDPTW,45,30.0,50.0,22881.63,19387.75,18.021070005544743,4115.41
LC2_10_7.sol,PDPTW,50,31.0,61.29032258064516,26156.59,18389.37,42.23755354316109,4188.87
LC2_10_8.sol,PDPTW,48,30.0,60.0,24981.7,17015.03,46.821369107195245,4170.87
LC2_10_9.sol,PDPTW,46,30.0,53.333333333333336,25193.02,18225.3,38.23103049058178,4241.62
LC2_2_1.sol,PDPTW,7,6.0,16.666666666666664,2066.48,1931.44,6.991674605475705,2712.93
LC2_2_10.sol,PDPTW,6,6.0,0.0,1817.45,1817.45,0.0,2712.11
LC2_2_2.sol,PDPTW,6,6.0,0.0,1881.4,1881.4,0.0,2709.99
LC2_2_3.sol,PDPTW,6,6.0,0.0,1844.33,1844.33,0.0,2713.18
LC2_2_4.sol,PDPTW,7,6.0,16.666666666666664,1876.8,1767.12,6.206709221784602,2712.39
LC2_2_5.sol,PDPTW,6,6.0,0.0,1891.21,1891.21,0.0,2709.6
LC2_2_6.sol,PDPTW,7,6.0,16.666666666666664,1974.42,1857.78,6.278461389400257,2710.75
LC2_2_7.sol,PDPTW,7,6.0,16.666666666666664,1926.72,1850.13,4.139709101522591,2708.49
LC2_2_8.sol,PDPTW,7,6.0,16.666666666666664,1874.71,1824.34,2.760998498086986,2709.09
LC2_2_9.sol,PDPTW,7,6.0,16.666666666666664,1977.03,1854.21,6.623845195528011,2711.07
LC2_4_1.sol,PDPTW,14,12.0,16.666666666666664,4295.91,4116.33,4.3626239878726905,2766.7
LC2_4_10.sol,PDPTW,13,12.0,8.333333333333332,4063.4,3828.44,6.137225606252156,2830.45
LC2_4_2.sol,PDPTW,15,12.0,25.0,4649.8,4144.29,12.197746779303577,2781.73
LC2_4_3.sol,PDPTW,16,12.0,33.33333333333333,4777.08,4401.08,8.543357539513028,2781.89
LC2_4_4.sol,PDPTW,15,12.0,25.0,4854.65,3743.95,29.666528666248208,2789.38
LC2_4_5.sol,PDPTW,15,12.0,25.0,4400.1,4030.63,9.166557089090297,2801.51
LC2_4_6.sol,PDPTW,16,12.0,33.33333333333333,4827.2,3900.29,23.76515592430306,2778.29
LC2_4_7.sol,PDPTW,17,12.0,41.66666666666667,4823.97,3962.51,21.74026059240229,2786.46
LC2_4_8.sol,PDPTW,15,12.0,25.0,4351.49,3844.45,13.188882675025035,2791.15
LC2_4_9.sol,PDPTW,16,,,4777.15,,,2787.47
LC2_6_1.sol,PDPTW,21,19.0,10.526315789473683,8341.97,7977.98,4.562433097099765,2938.67
LC2_6_10.sol,PDPTW,23,17.0,35.294117647058826,9053.46,7946.6,13.928724234263695,3040.42
LC2_6_2.sol,PDPTW,25,18.0,38.88888888888889,9723.24,9900.48,-1.7902162319402677,2923.6
LC2_6_3.sol,PDPTW,23,17.0,35.294117647058826,9361.78,8512.94,9.971173296182048,3046.09
LC2_6_4.sol,PDPTW,24,17.0,41.17647058823529,9776.22,7860.38,24.373376350761657,3133.21
LC2_6_5.sol,PDPTW,25,18.0,38.88888888888889,9421.35,9051.53,4.085718105115928,3002.97
LC2_6_6.sol,PDPTW,22,18.0,22.22222222222222,8946.65,8775.55,1.949735344223443,3002.18
LC2_6_7.sol,PDPTW,25,18.0,38.88888888888889,9408.45,9376.58,0.3398893839758292,2988.31
LC2_6_8.sol,PDPTW,25,18.0,38.88888888888889,9257.73,7579.93,22.13476905459548,2981.15
LC2_6_9.sol,PDPTW,22,18.0,22.22222222222222,8874.11,8714.22,1.834817115014324,3021.48
LC2_8_1.sol,PDPTW,32,24.0,33.33333333333333,13842.98,11687.06,18.447068809435397,3239.31
LC2_8_10.sol,PDPTW,31,23.0,34.78260869565217,14490.68,12226.42,18.51940306320248,3485.42
LC2_8_2.sol,PDPTW,36,24.0,50.0,15442.78,13713.13,12.613094165956287,3355.42
LC2_8_3.sol,PDPTW,35,24.0,45.83333333333333,15953.41,12981.37,22.89465595695985,3539.6
LC2_8_4.sol,PDPTW,34,23.0,47.82608695652174,15835.5,12917.34,22.591028803143683,3762.68
LC2_8_5.sol,PDPTW,32,25.0,28.000000000000004,14409.78,12298.33,17.1685911827053,3307.32
LC2_8_6.sol,PDPTW,34,24.0,41.66666666666667,15498.54,12645.71,22.55966647977853,3363.78
LC2_8_7.sol,PDPTW,34,24.0,41.66666666666667,14153.73,14041.47,0.7994889423970583,3531.0
LC2_8_8.sol,PDPTW,34,23.0,47.82608695652174,14117.18,12924.1,9.231435844662297,3491.66
LC2_8_9.sol,PDPTW,33,24.0,37.5,15024.4,11629.41,29.19314049465966,3354.98
lr101.sol,PDPTW,19,19.0,0.0,1650.8,1650.8,0.0,2700.37
lr102.sol,PDPTW,17,17.0,0.0,1487.57,1487.57,0.0,2700.89
lr103.sol,PDPTW,13,13.0,0.0,1292.68,1292.68,0.0,2700.79
lr104.sol,PDPTW,9,9.0,0.0,1013.99,1013.39,0.05920721538598395,2701.08
lr105.sol,PDPTW,14,14.0,0.0,1377.11,1377.11,0.0,2700.69
lr106.sol,PDPTW,12,12.0,0.0,1252.62,1252.62,0.0,2700.62
lr107.sol,PDPTW,10,10.0,0.0,1111.31,1111.31,0.0,2700.55
lr108.sol,PDPTW,9,9.0,0.0,968.97,968.97,0.0,2700.65
lr109.sol,PDPTW,11,11.0,0.0,1208.96,1208.96,0.0,2700.67
lr110.sol,PDPTW,11,10.0,10.0,1165.83,1159.35,0.558933885366802,2700.49
lr111.sol,PDPTW,10,10.0,0.0,1108.9,1108.9,0.0,2700.61
lr112.sol,PDPTW,9,9.0,0.0,1003.77,1003.77,0.0,2700.8
LR1_10_1.sol,PDPTW,101,,,66653.04,,,3053.14
LR1_10_10.sol,PDPTW,67,38.0,76.31578947368422,48008.12,45510.71,5.487521508673461,3303.83
LR1_10_2.sol,PDPTW,90,80.0,12.5,60264.21,49349.84,22.116322970854625,3179.03
LR1_10_3.sol,PDPTW,70,54.0,29.629629629629623,49858.51,41483.89,20.187643926353104,3388.75
LR1_10_4.sol,PDPTW,50,27.0,85.18518518518519,35924.52,30788.11,16.683096169267927,4081.41
LR1_10_5.sol,PDPTW,88,58.0,51.72413793103448,61476.24,59053.68,4.1023014992461055,3091.35
LR1_10_6.sol,PDPTW,75,46.0,63.04347826086957,52911.63,51058.53,3.6293641826351024,3181.05
LR1_10_7.sol,PDPTW,60,35.0,71.42857142857143,42536.76,38563.2,10.304020413243729,3502.54
LR1_10_8.sol,PDPTW,47,24.0,95.83333333333334,35436.25,29613.27,19.66341440847296,4044.67
LR1_10_9.sol,PDPTW,76,47.0,61.70212765957447,54706.48,54582.25,0.2276014638458532,3145.78
LR1_2_1.sol,PDPTW,20,,,4819.12,,,2702.2
LR1_2_10.sol,PDPTW,14,11.0,27.27272727272727,3421.19,3664.08,-6.628949149581883,2703.55
LR1_2_2.sol,PDPTW,19,17.0,11.76470588235294,4256.57,4621.21,-7.890574113706157,2703.44
LR1_2_3.sol,PDPTW,17,14.0,21.428571428571427,3530.54,4402.38,-19.803833381034806,2704.12
LR1_2_4.sol,PDPTW,13,10.0,30.0,2848.59,3027.06,-5.895819706249622,2709.48
LR1_2_5.sol,PDPTW,19,16.0,18.75,4309.63,4760.18,-9.464978215109516,2704.33
LR1_2_6.sol,PDPTW,17,13.0,30.76923076923077,3846.04,4800.94,-19.88985490341474,2704.59
LR1_2_7.sol,PDPTW,16,12.0,33.33333333333333,3213.21,3543.36,-9.317427526415608,2705.28
LR1_2_8.sol,PDPTW,11,9.0,22.22222222222222,2645.43,2759.32,-4.1274661873215255,2707.18
LR1_2_9.sol,PDPTW,17,13.0,30.76923076923077,3981.94,5050.75,-21.16141167153393,2702.42
LR1_4_1.sol,PDPTW,42,40.0,5.0,11458.01,10639.75,7.690594233887077,2717.43
LR1_4_10.sol,PDPTW,28,20.0,40.0,8248.29,8192.65,0.6791453314861643,2738.51
LR1_4_2.sol,PDPTW,38,30.0,26.666666666666668,10190.65,11009.51,-7.437751543892512,2722.52
LR1_4_3.sol,PDPTW,32,22.0,45.45454545454545,8217.84,9245.48,-11.115052977238602,2728.14
LR1_4_4.sol,PDPTW,23,15.0,53.333333333333336,7213.97,7007.9,2.940538535081845,2765.45
LR1_4_5.sol,PDPTW,37,28.0,32.142857142857146,9898.04,11374.06,-12.977072391037137,2723.98
LR1_4_6.sol,PDPTW,32,23.0,39.130434782608695,9476.27,11334.11,-16.391582576841056,2732.63
LR1_4_7.sol,PDPTW,26,18.0,44.44444444444444,8256.19,8675.36,-4.831730325888494,2730.86
LR1_4_8.sol,PDPTW,22,13.0,69.23076923076923,6541.2,6164.82,6.105287745627612,2777.67
LR1_4_9.sol,PDPTW,32,24.0,33.33333333333333,9807.0,9859.47,-0.5321787073747306,2724.36
LR1_6_1.sol,PDPTW,64,59.0,8.47457627118644,25418.56,22821.65,11.379150937815623,2767.31
LR1_6_10.sol,PDPTW,42,25.0,68.0,19176.0,19298.25,-0.633477128755198,2832.22
LR1_6_2.sol,PDPTW,54,45.0,20.0,22052.61,20137.22,9.511690292900408,2799.25
LR1_6_3.sol,PDPTW,43,37.0,16.216216216216218,20152.01,17846.17,12.920643477003752,2817.19
LR1_6_4.sol,PDPTW,33,28.0,17.857142857142858,15589.8,13127.56,18.75626544460661,2901.13
LR1_6_5.sol,PDPTW,54,37.0,45.94594594594595,22463.96,23623.52,-4.908497971513142,2797.91
LR1_6_6.sol,PDPTW,50,30.0,66.66666666666666,21513.82,23084.5,-6.804046004895061,2796.17
LR1_6_7.sol,PDPTW,38,24.0,58.333333333333336,18027.83,16963.37,6.275050299557239,2822.29
LR1_6_8.sol,PDPTW,29,18.0,61.11111111111112,13643.35,11917.7,14.479723436569133,2950.24
LR1_6_9.sol,PDPTW,45,31.0,45.16129032258064,20854.01,21835.87,-4.496546279126963,2811.98
LR1_8_1.sol,PDPTW,86,80.0,7.5,47430.16,39291.32,20.714091560171568,2843.64
LR1_8_10.sol,PDPTW,51,30.0,70.0,31590.56,31091.07,1.6065384690845366,3067.63
LR1_8_2.sol,PDPTW,72,59.0,22.033898305084744,39787.66,34071.19,16.77801685236119,2885.36
LR1_8_3.sol,PDPTW,56,44.0,27.27272727272727,34546.38,29223.1,18.216000355882844,3007.46
LR1_8_4.sol,PDPTW,41,25.0,64.0,25464.47,20675.7,23.16134399319008,3323.72
LR1_8_5.sol,PDPTW,71,48.0,47.91666666666667,38934.26,39809.68,-2.199012903394346,2935.46
LR1_8_6.sol,PDPTW,59,38.0,55.26315789473685,37982.57,36244.9,4.794246914738345,2921.59
LR1_8_7.sol,PDPTW,49,30.0,63.33333333333333,32120.03,27078.09,18.619998677897883,3018.09
LR1_8_8.sol,PDPTW,35,19.0,84.21052631578947,22532.05,20705.45,8.82183193313837,3375.12
LR1_8_9.sol,PDPTW,63,39.0,61.53846153846154,38066.76,38499.0,-1.122730460531437,2889.92
lr201.sol,PDPTW,4,4.0,0.0,1253.23,1253.23,0.0,2701.03
lr202.sol,PDPTW,4,3.0,33.33333333333333,1250.09,1197.67,4.376831681514928,2701.3
lr203.sol,PDPTW,4,3.0,33.33333333333333,979.52,949.4,3.1725300189593435,2701.72
lr204.sol,PDPTW,3,2.0,50.0,955.41,849.05,12.526941876214595,2701.47
lr205.sol,PDPTW,3,3.0,0.0,1054.02,1054.02,0.0,2701.67
lr206.sol,PDPTW,3,3.0,0.0,931.63,931.63,0.0,2701.1
lr207.sol,PDPTW,4,2.0,100.0,1054.11,903.06,16.726463357916412,2701.44
lr208.sol,PDPTW,2,2.0,0.0,734.85,734.85,0.0,2702.32
lr209.sol,PDPTW,3,3.0,0.0,930.59,930.59,0.0,2701.47
lr210.sol,PDPTW,4,3.0,33.33333333333333,1050.95,964.22,8.994835203584246,2701.86
lr211.sol,PDPTW,3,2.0,50.0,905.47,911.52,-0.6637265227312571,2701.6
LR2_10_1.sol,PDPTW,38,17.0,123.52941176470588,60132.27,62859.29,-4.338292716955607,3994.38
LR2_10_10.sol,PDPTW,28,10.0,180.0,46161.22,44888.99,2.834169358677937,4949.2
LR2_10_2.sol,PDPTW,29,14.0,107.14285714285714,53873.44,51357.3,4.899284035570404,4620.25
LR2_10_3.sol,PDPTW,24,10.0,140.0,41129.98,42908.33,-4.144533240981409,5029.71
LR2_10_4.sol,PDPTW,20,8.0,150.0,36061.14,26595.39,35.59169465083987,8452.5
LR2_10_5.sol,PDPTW,32,13.0,146.15384615384613,53558.02,54951.12,-2.535162158660289,4280.23
LR2_10_6.sol,PDPTW,27,11.0,145.45454545454547,48841.75,46253.37,5.596089538989261,4804.19
LR2_10_7.sol,PDPTW,23,8.0,187.5,42830.12,39648.54,8.024456890468104,6367.32
LR2_10_8.sol,PDPTW,19,6.0,216.66666666666663,35623.04,26742.31,33.208537332788374,9378.47
LR2_10_9.sol,PDPTW,31,12.0,158.33333333333331,52131.67,50781.83,2.658116101763163,4400.19
LR2_2_1.sol,PDPTW,6,5.0,20.0,4162.91,4073.1,2.2049544572929696,2706.85
LR2_2_10.sol,PDPTW,5,3.0,66.66666666666666,3777.44,3254.83,16.0564453443037,2712.81
LR2_2_2.sol,PDPTW,7,4.0,75.0,4145.19,3796.0,9.198893572181232,2712.93
LR2_2_3.sol,PDPTW,5,4.0,25.0,3447.2,3098.36,11.258859525684544,2714.23
LR2_2_4.sol,PDPTW,5,3.0,66.66666666666666,2606.57,2486.0,4.849959774738542,2727.53
LR2_2_5.sol,PDPTW,4,4.0,0.0,3445.72,3438.39,0.2131811690936725,2715.05
LR2_2_6.sol,PDPTW,5,3.0,66.66666666666666,3321.29,4457.95,-25.49736986731569,2709.13
LR2_2_7.sol,PDPTW,5,3.0,66.66666666666666,3023.73,3098.35,-2.4083786531540947,2717.87
LR2_2_8.sol,PDPTW,5,2.0,150.0,2585.83,2449.36,5.571659535552136,2724.68
LR2_2_9.sol,PDPTW,5,3.0,66.66666666666666,3712.84,3922.11,-5.335648413736483,2709.26
LR2_4_1.sol,PDPTW,16,8.0,100.0,10638.51,9726.88,9.372275590939758,2769.54
LR2_4_10.sol,PDPTW,10,5.0,100.0,8099.96,7596.62,6.625841492663845,2815.41
LR2_4_2.sol,PDPTW,14,7.0,100.0,9369.82,9405.4,-0.3782933208582296,2795.45
LR2_4_3.sol,PDPTW,11,5.0,120.0,7246.38,10176.94,-28.796082122917102,2805.46
LR2_4_4.sol,PDPTW,9,4.0,125.0,7439.1,6201.84,19.949885840331262,2946.71
LR2_4_5.sol,PDPTW,12,6.0,100.0,9053.77,9894.46,-8.496572829644052,2781.79
LR2_4_6.sol,PDPTW,12,5.0,140.0,7854.64,8946.91,-12.208349027764887,2824.55
LR2_4_7.sol,PDPTW,10,4.0,150.0,7808.64,7993.16,-2.3084737450520136,2891.47
LR2_4_8.sol,PDPTW,10,4.0,150.0,6509.57,5260.42,23.746202774683383,3023.85
LR2_4_9.sol,PDPTW,13,6.0,116.66666666666669,8004.01,7926.07,0.9833372655048532,2804.68
LR2_6_1.sol,PDPTW,22,11.0,100.0,20278.85,21759.33,-6.803885965238833,2981.63
LR2_6_10.sol,PDPTW,16,7.0,128.57142857142858,19192.0,16390.64,17.09121791461469,3141.59
LR2_6_2.sol,PDPTW,19,9.0,111.11111111111111,18571.54,21289.7,-12.76748850383049,3103.23
LR2_6_3.sol,PDPTW,18,7.0,157.14285714285714,17615.02,17480.06,0.77207972970344,3178.96
LR2_6_4.sol,PDPTW,14,6.0,133.33333333333331,13902.29,10639.08,30.67191900051509,3598.26
LR2_6_5.sol,PDPTW,20,8.0,150.0,22281.41,22625.89,-1.522503645160476,3018.92
LR2_6_6.sol,PDPTW,17,7.0,142.85714285714286,17602.07,19099.49,-7.840104631066075,3201.76
LR2_6_7.sol,PDPTW,15,6.0,150.0,16593.05,14645.32,13.299333848628777,3266.92
LR2_6_8.sol,PDPTW,10,4.0,150.0,15131.88,12341.9,22.605757622408216,4028.57
LR2_6_9.sol,PDPTW,19,8.0,137.5,17847.45,18259.2,-2.255027602523659,3078.3
LR2_8_1.sol,PDPTW,29,14.0,107.14285714285714,38666.91,41873.12,-7.656964658950656,3290.73
LR2_8_10.sol,PDPTW,23,8.0,187.5,33211.26,30136.86,10.20146093521356,3570.02
LR2_8_2.sol,PDPTW,25,11.0,127.27272727272728,35651.85,36549.69,-2.4564914230462795,3469.23
LR2_8_3.sol,PDPTW,20,9.0,122.22222222222224,29957.66,26391.07,13.514381948136243,4016.31
LR2_8_4.sol,PDPTW,15,6.0,150.0,25317.7,20618.03,22.79398177226438,5345.92
LR2_8_5.sol,PDPTW,27,11.0,145.45454545454547,33735.41,34816.5,-3.105108210187688,3510.51
LR2_8_6.sol,PDPTW,22,9.0,144.44444444444443,32876.37,28814.65,14.09602407108884,3641.45
LR2_8_7.sol,PDPTW,18,7.0,157.14285714285714,28972.82,25502.39,13.608253971490516,4625.88
LR2_8_8.sol,PDPTW,16,5.0,220.00000000000003,23538.17,18327.23,28.43277462005987,6044.66
LR2_8_9.sol,PDPTW,26,10.0,160.0,33628.47,30515.5,10.201274762006198,3587.95
lrc101.sol,PDPTW,14,14.0,0.0,1708.8,1708.8,0.0,2700.5
lrc102.sol,PDPTW,13,12.0,8.333333333333332,1563.55,1558.07,0.3517171885730434,2700.49
lrc103.sol,PDPTW,11,11.0,0.0,1258.74,1258.74,0.0,2700.61
lrc104.sol,PDPTW,10,10.0,0.0,1128.4,1128.4,0.0,2700.59
lrc105.sol,PDPTW,13,13.0,0.0,1637.62,1637.62,0.0,2702.06
lrc106.sol,PDPTW,11,11.0,0.0,1425.53,1424.73,0.0561509900121394,2700.51
lrc107.sol,PDPTW,11,11.0,0.0,1230.14,1230.14,0.0,2700.86
lrc108.sol,PDPTW,10,10.0,0.0,1147.43,1147.43,0.0,2700.73
LRC1_10_1.sol,PDPTW,96,82.0,17.073170731707318,54150.06,49111.78,10.2588014525232,2966.94
LRC1_10_10.sol,PDPTW,66,47.0,40.42553191489361,42046.76,36539.03,15.073552855672425,3279.44
LRC1_10_2.sol,PDPTW,89,71.0,25.352112676056336,50672.72,45547.38,11.252765801238192,2996.94
LRC1_10_3.sol,PDPTW,73,53.0,37.735849056603776,42507.18,35616.85,19.345702946779408,3154.47
LRC1_10_4.sol,PDPTW,55,40.0,37.5,35920.05,27211.87,32.00140232920415,3749.97
LRC1_10_5.sol,PDPTW,91,72.0,26.38888888888889,56727.8,50323.04,12.72729151498002,3034.43
LRC1_10_6.sol,PDPTW,86,67.0,28.35820895522388,50465.16,45115.22,11.858392799591806,3071.19
LRC1_10_7.sol,PDPTW,81,60.0,35.0,48782.43,41560.52,17.376851877695476,3078.42
LRC1_10_8.sol,PDPTW,75,55.0,36.36363636363637,45847.12,40770.1,12.452802421382348,3101.18
LRC1_10_9.sol,PDPTW,74,52.0,42.30769230769231,45529.72,40934.27,11.22641249007251,3242.38
LRC1_2_1.sol,PDPTW,20,,,3710.67,,,2702.65
LRC1_2_10.sol,PDPTW,14,12.0,16.666666666666664,2889.58,2928.9,-1.3424835262385253,2704.37
LRC1_2_2.sol,PDPTW,19,15.0,26.666666666666668,3367.22,3671.02,-8.275629116703264,2703.16
LRC1_2_3.sol,PDPTW,16,13.0,23.07692307692308,3229.3,3154.92,2.357587514104957,2704.89
LRC1_2_4.sol,PDPTW,12,10.0,20.0,2606.72,2631.82,-0.953712639922197,2707.17
LRC1_2_5.sol,PDPTW,17,,,3812.49,,,2703.57
LRC1_2_6.sol,PDPTW,19,16.0,18.75,3520.09,3572.16,-1.4576614709307454,2703.19
LRC1_2_7.sol,PDPTW,17,14.0,21.428571428571427,3425.17,3666.34,-6.57794967187986,2703.11
LRC1_2_8.sol,PDPTW,16,13.0,23.07692307692308,3183.81,3145.74,1.2102080909420412,2705.92
LRC1_2_9.sol,PDPTW,16,13.0,23.07692307692308,3114.03,3157.34,-1.3717242995686223,2703.37
LRC1_4_1.sol,PDPTW,37,36.0,2.7777777777777777,9279.05,9124.52,1.6935685383998151,2719.34
LRC1_4_10.sol,PDPTW,29,23.0,26.08695652173913,7409.93,7064.36,4.891738246635232,2737.92
LRC1_4_2.sol,PDPTW,37,,,8219.21,,,2717.06
LRC1_4_3.sol,PDPTW,31,24.0,29.166666666666668,8003.79,7805.16,2.544854942115218,2724.52
LRC1_4_4.sol,PDPTW,22,19.0,15.789473684210526,6245.66,5803.31,7.6223741278683965,2754.1
LRC1_4_5.sol,PDPTW,37,32.0,15.625,8999.57,8847.4,1.7199403214503706,2716.48
LRC1_4_6.sol,PDPTW,36,30.0,20.0,8553.63,8394.47,1.896010111418587,2726.93
LRC1_4_7.sol,PDPTW,34,28.0,21.428571428571427,8608.22,8037.87,7.095785326212037,2725.52
LRC1_4_8.sol,PDPTW,32,26.0,23.07692307692308,8015.97,7930.15,1.0821989495785151,2728.52
LRC1_4_9.sol,PDPTW,31,25.0,24.0,8277.75,8004.24,3.4170639561032683,2729.87
LRC1_6_1.sol,PDPTW,60,52.0,15.384615384615383,19487.36,18288.9,6.552936480597515,2762.55
LRC1_6_10.sol,PDPTW,39,29.0,34.48275862068966,14905.25,13963.66,6.743146137903675,2834.09
LRC1_6_2.sol,PDPTW,52,43.0,20.930232558139537,16970.81,16515.41,2.7574247324165824,2753.24
LRC1_6_3.sol,PDPTW,45,36.0,25.0,16134.83,13975.98,15.4468595404401,2789.88
LRC1_6_4.sol,PDPTW,31,25.0,24.0,12673.92,10800.44,17.346330334690062,2919.49
LRC1_6_5.sol,PDPTW,56,45.0,24.444444444444443,18209.29,17463.94,4.26793724669234,2816.87
LRC1_6_6.sol,PDPTW,53,41.0,29.268292682926827,18456.22,19025.36,-2.9914808445148973,2770.22
LRC1_6_7.sol,PDPTW,49,37.0,32.432432432432435,16722.04,15914.85,5.071929675743099,2812.42
LRC1_6_8.sol,PDPTW,46,33.0,39.39393939393939,16710.5,15317.63,9.093247454077432,2811.19
LRC1_6_9.sol,PDPTW,43,33.0,30.303030303030305,16231.93,15344.64,5.782410014180853,2822.24
LRC1_8_1.sol,PDPTW,78,66.0,18.181818181818183,35230.75,32252.28,9.234913004599989,2835.03
LRC1_8_10.sol,PDPTW,56,39.0,43.58974358974359,27861.41,24622.59,13.153855869752125,3070.44
LRC1_8_2.sol,PDPTW,69,56.0,23.214285714285715,31654.21,27878.89,13.541859091233546,2869.96
LRC1_8_3.sol,PDPTW,60,48.0,25.0,27825.44,24371.95,14.169937161367876,2968.34
LRC1_8_4.sol,PDPTW,43,34.0,26.47058823529412,22002.19,18208.51,20.834653686655308,3366.71
LRC1_8_5.sol,PDPTW,76,58.0,31.03448275862069,35004.76,31169.16,12.305753507633836,2846.11
LRC1_8_6.sol,PDPTW,71,54.0,31.48148148148148,32754.82,28961.66,13.097177440795866,2896.04
LRC1_8_7.sol,PDPTW,64,50.0,28.000000000000004,30973.95,28768.4,7.6665716550103555,2894.14
LRC1_8_8.sol,PDPTW,60,44.0,36.36363636363637,30232.92,26902.93,12.377796767861335,2902.47
LRC1_8_9.sol,PDPTW,58,44.0,31.818181818181817,28261.44,24854.96,13.705433442660942,3028.98
lrc201.sol,PDPTW,5,4.0,25.0,1467.02,1406.94,4.270260281177586,2700.91
lrc202.sol,PDPTW,5,3.0,66.66666666666666,1419.47,1374.27,3.289018897305482,2701.12
lrc203.sol,PDPTW,4,3.0,33.33333333333333,1115.91,1089.07,2.4644880494366888,2701.24
lrc204.sol,PDPTW,3,3.0,0.0,818.66,818.66,0.0,2701.56
lrc205.sol,PDPTW,4,4.0,0.0,1303.57,1302.2,0.10520657349100682,2701.17
lrc206.sol,PDPTW,4,3.0,33.33333333333333,1290.1,1159.03,11.308594255541268,2700.91
lrc207.sol,PDPTW,3,3.0,0.0,1062.05,1062.05,0.0,2701.71
lrc208.sol,PDPTW,3,3.0,0.0,859.58,852.76,0.7997560861203681,2701.16
LRC2_10_1.sol,PDPTW,44,22.0,100.0,41187.31,34463.46,19.510084013619057,3645.4
LRC2_10_10.sol,PDPTW,32,11.0,190.9090909090909,33235.15,29085.28,14.267938971190937,4532.51
LRC2_10_2.sol,PDPTW,42,19.0,121.05263157894736,41186.7,38619.13,6.648440811587418,3553.28
LRC2_10_3.sol,PDPTW,33,16.0,106.25,32985.52,27218.08,21.189738585528424,4866.11
LRC2_10_4.sol,PDPTW,23,11.0,109.09090909090908,34291.17,23212.46,47.72742742475377,8267.96
LRC2_10_5.sol,PDPTW,40,16.0,150.0,39854.99,40638.13,-1.9271063899839864,3766.35
LRC2_10_6.sol,PDPTW,37,17.0,117.64705882352942,37746.62,30910.65,22.115258009779804,3688.52
LRC2_10_7.sol,PDPTW,37,15.0,146.66666666666666,37252.64,33275.24,11.953031743722963,3947.23
LRC2_2_1.sol,PDPTW,10,6.0,66.66666666666666,3128.92,3595.18,-12.969030757848,2705.65
LRC2_2_10.sol,PDPTW,6,3.0,100.0,2300.14,2437.88,-5.649990975765839,2712.04
LRC2_2_2.sol,PDPTW,7,5.0,40.0,2811.85,3158.25,-10.968099422148343,2707.52
LRC2_2_3.sol,PDPTW,7,4.0,75.0,2748.12,2881.99,-4.645054285406955,2712.85
LRC2_2_4.sol,PDPTW,5,3.0,66.66666666666666,2814.9,2835.4,-0.7230020455667631,2731.6
LRC2_2_5.sol,PDPTW,7,5.0,40.0,3171.66,2776.93,14.214618301505622,2708.38
LRC2_2_6.sol,PDPTW,7,5.0,40.0,2897.94,2707.96,7.015613229146664,2708.96
LRC2_2_7.sol,PDPTW,7,4.0,75.0,2670.11,3010.68,-11.31206239122058,2711.39
LRC2_2_8.sol,PDPTW,6,4.0,50.0,2532.22,2399.89,5.514002725124898,2714.08
LRC2_2_9.sol,PDPTW,6,4.0,50.0,2435.21,2208.49,10.26583774434117,2712.24
LRC2_4_1.sol,PDPTW,19,11.0,72.72727272727273,7691.56,9738.95,-21.022697518726357,2754.73
LRC2_4_10.sol,PDPTW,12,6.0,100.0,6178.22,5395.71,14.502447314625885,2840.68
LRC2_4_2.sol,PDPTW,18,10.0,80.0,7395.39,7159.95,3.288291119351399,2769.38
LRC2_4_3.sol,PDPTW,15,8.0,87.5,6579.92,6426.47,2.3877805389272777,2800.01
LRC2_4_4.sol,PDPTW,10,5.0,100.0,5549.01,5238.77,5.922000774991072,2999.69
LRC2_4_5.sol,PDPTW,14,10.0,40.0,6746.3,7309.54,-7.705546450255417,2770.36
LRC2_4_6.sol,PDPTW,16,9.0,77.77777777777779,7235.07,6337.08,14.170406559487963,2782.87
LRC2_4_7.sol,PDPTW,13,8.0,62.5,6817.63,6292.23,8.349980849396806,2783.92
LRC2_4_8.sol,PDPTW,14,7.0,100.0,6360.76,5767.72,10.282052526821689,2789.74
LRC2_4_9.sol,PDPTW,10,6.0,66.66666666666666,5296.55,6272.92,-15.5648406164912,2822.01
LRC2_6_1.sol,PDPTW,26,16.0,62.5,15164.13,14578.92,4.014083347737687,2833.1
LRC2_6_10.sol,PDPTW,20,7.0,185.7142857142857,13746.92,13054.5,5.304071393006243,3108.02
LRC2_6_2.sol,PDPTW,22,13.0,69.23076923076923,13950.39,13850.22,0.7232376092220923,2962.04
LRC2_6_3.sol,PDPTW,20,10.0,100.0,14826.23,12432.91,19.249877944905897,3085.84
LRC2_6_4.sol,PDPTW,13,7.0,85.71428571428571,12963.68,9833.92,31.826169015001145,3894.05
LRC2_6_5.sol,PDPTW,25,13.0,92.3076923076923,14738.78,14380.37,2.4923558990484938,2912.09
LRC2_6_6.sol,PDPTW,23,12.0,91.66666666666666,15267.71,14962.08,2.0426972720370378,2931.98
LRC2_6_7.sol,PDPTW,23,10.0,130.0,14483.36,14094.26,2.760698326836601,3008.2
LRC2_6_8.sol,PDPTW,18,9.0,100.0,12452.45,13179.58,-5.5170953854371625,2974.88
LRC2_6_9.sol,PDPTW,20,8.0,150.0,15502.88,16309.78,-4.947338345458991,3012.9
LRC2_8_1.sol,PDPTW,37,20.0,85.0,28069.78,23074.22,21.649962598952413,3109.8
LRC2_8_10.sol,PDPTW,24,9.0,166.66666666666669,21227.62,19604.12,8.281422476499838,3645.3
LRC2_8_2.sol,PDPTW,33,17.0,94.11764705882352,24965.68,22220.95,12.351992151550672,3223.17
LRC2_8_3.sol,PDPTW,27,14.0,92.85714285714286,22525.43,20379.26,10.531147843444767,3765.16
LRC2_8_4.sol,PDPTW,20,11.0,81.81818181818183,20513.43,14711.8,39.43521526937561,5554.74
LRC2_8_5.sol,PDPTW,35,16.0,118.75,26247.65,23602.44,11.207358222285505,3251.91
LRC2_8_6.sol,PDPTW,31,15.0,106.66666666666669,25351.45,22591.26,12.217955085285205,3202.55
LRC2_8_7.sol,PDPTW,28,13.0,115.38461538461536,24916.95,25436.79,-2.043654093146188,3374.34
LRC2_8_8.sol,PDPTW,24,11.0,118.1818181818182,21330.59,22604.36,-5.635063324066687,3513.47
LRC2_8_9.sol,PDPTW,26,10.0,160.0,21985.89,22594.69,-2.694438383531703,3717.22
p01.sol,MDVRP,12,,,113.88,,,
p02.sol,MDVRP,7,,,88.42,,,
p03.sol,MDVRP,13,,,109.29,,,
p04.sol,MDVRP,15,,,519.62,,,
p05.sol,MDVRP,9,,,355.29,,,
p06.sol,MDVRP,16,,,411.13,,,
p07.sol,MDVRP,17,,,272.46,,,
p08.sol,MDVRP,25,,,2213.91,,,
p09.sol,MDVRP,26,,,988.78,,,
p10.sol,MDVRP,27,,,915.6,,,
p11.sol,MDVRP,27,,,794.91,,,
p12.sol,MDVRP,8,,,682.8,,,
p13.sol,MDVRP,8,,,682.8,,,
p14.sol,MDVRP,8,,,682.8,,,
p15.sol,MDVRP,16,,,682.8,,,
p16.sol,MDVRP,16,,,682.8,,,
p17.sol,MDVRP,16,,,682.8,,,
p18.sol,MDVRP,24,,,682.8,,,
p19.sol,MDVRP,24,,,682.8,,,
p20.sol,MDVRP,24,,,682.8,,,
p21.sol,MDVRP,36,,,682.8,,,
p22.sol,MDVRP,36,,,682.8,,,
p23.sol,MDVRP,36,,,682.8,,,
pr01.sol,MDVRP,4,,,187.55,,,10801.29
pr02.sol,MDVRP,9,,,387.26,,,10802.12
pr03.sol,MDVRP,11,,,390.74,,,10804.43
pr04.sol,MDVRP,15,,,745.29,,,10807.17
pr05.sol,MDVRP,21,,,681.95,,,10811.62
pr06.sol,MDVRP,23,,,469.48,,,10818.39
pr07.sol,MDVRP,7,,,110.64,,,16201.47
pr08.sol,MDVRP,12,,,196.1,,,16205.38
pr09.sol,MDVRP,18,,,241.82,,,16207.63
pr10.sol,MDVRP,26,,,454.08,,,16229.55
